<?xml version="1.0"?>
<doc>
    <assembly>
        <name>ConsumirAPI</name>
    </assembly>
    <members>
        <member name="M:ConsumirAPI.Controllers.CountryController.get(System.String)">
            <summary>
            Get all the Info about a country
            </summary>
            <param name="country"> Write the name of the Country you want</param>
            <returns></returns>
        </member>
        <member name="M:ConsumirAPI.Controllers.HistoricalEventsController.get(System.String)">
            <summary>
            Get info of the most important Historical Events of a Country
            </summary>
            <param name="country">Write the name of the Country you want</param>
            <returns></returns>
        </member>
        <member name="M:ConsumirAPI.Controllers.HolidaysController.get(System.String,System.Int32,System.String)">
            <summary>
            Get info of the Holidays of a Country
            </summary>
            <param name="ISO2">Is a Unit ID for to Find a Country</param>
            <param name="year">Select the Year for this country</param>
            <param name="type">
            Here you can choose the Type of the Holiday.
            There is the list:
            major_holiday - combination of public_holiday, national_holiday, and federal_holiday.
            public_holiday
            observance
            national_holiday
            federal_holiday(US only)
            season
            state_holiday
            optional_holiday
            clock_change_daylight_saving_time
            local_holiday
            united_nations_observance
            observance_christian
            bank_holiday
            common_local_holiday
            national_holiday_christian
            christian
            observance_hebrew
            jewish_holiday
            muslim
            hindu_holiday
            restricted_holiday
            official_holiday
            national_holiday_orthodox
            local_observance
            </param>
            <returns></returns>
        </member>
    </members>
</doc>
